Workbook

Sheet Bolsa promisaes
B3: Cota Anual | C3: R$ 40.195,00 | D3: MARÇO | E3: ABRIL | F3: MAIO | G3: JUNHO | H3: JULHO | I3: AGOSTO | J3: SETEMBRO | K3: OUTUBRO | L3: NOVEMBRO | M3: DEZEMBRO
B4: Cota Mensal | C4: R$ 3.349,58 | D4: R$ 3.349,58 | E4: R$ 3.349,58 | F4: R$ 3.349,58 | G4: R$ 3.349,58 | H4: R$ 3.349,58 | I4: R$ 3.349,58 | J4: R$ 3.349,58 | K4: R$ 3.349,58 | L4: R$ 3.349,58 | M4: R$ 3.349,58 | N4: R$ 33.495,83
B5: Valor da Bolsa | C5: 622 | D5: R$ 669,92 | E5: R$ 669,92 | F5: R$ 669,92 | G5: R$ 669,92 | H5: R$ 669,92 | I5: R$ 669,92 | J5: R$ 669,92 | K5: R$ 669,92 | L5: R$ 669,92 | M5: R$ 669,92 | N5: R$ 6.699,17
D6: R$ 4.019,50 | E6: R$ 4.019,50 | F6: R$ 4.019,50 | G6: R$ 4.019,50 | H6: R$ 4.019,50 | I6: R$ 4.019,50 | J6: R$ 4.019,50 | K6: R$ 4.019,50 | L6: R$ 4.019,50 | M6: R$ 4.019,50 | N6: R$ 40.195,00
D7: 622 | E7: 622 | F7: 622 | G7: 622 | H7: 622 | I7: 622 | J7: 622 | K7: 622 | L7: 622 | M7: 622
D8: 6 | E8: 6 | F8: 6 | G8: 6 | H8: 6 | I8: 6 | J8: 6 | K8: 6 | L8: 6 | M8: 6
D9: =D8*D7 -> 3732 | E9: =E8*E7 -> 3732 | F9: =F8*F7 -> 3732 | G9: =G8*G7 -> 3732 | H9: =H8*H7 -> 3732 | I9: =I8*I7 -> 3732 | J9: =J8*J7 -> 3732 | K9: =K8*K7 -> 3732 | ... M9: =M8*M7 -> 3732 | N9: R$ 37.320,00
N10: R$ 2.875,00

Sheet Tabela dinâmica 1

Sheet Bolsas e auxílios
A1: PRÓ-REITORIA DE ADMINISTRAÇÃO - PROPLAD
A2: BOLSAS, AUXÍLIOS FINANCEIROS E GECC 2026
A4: PROCESSO | B4: ITEM DE DESPESA | C4: UNIDADE | D4: AÇÃO | E4: PTRES | F4: FONTE | G4: ND | H4: UGR | I4: PI | J4: EMPENHO | K4: S/N | L4: MESES DE SALDO | M4: MESES EMPENHADOS | N4: MESES LIQUIDADOS | O4: MESES NO ANO | P4: QUANT. INICIAL | Q4: QUANT. EFETIVA DE BOLSAS | R4: VALOR UNITÁRIO | S4: VALOR MENSAL | T4: VALOR ANUAL | U4: VALOR EMPENHADO (TG) | V4: SALDO NO EMPENHO (TG) | W4: ANULAR (R$) | X4: MESES A EMPENHAR | Y4: EMPENHAR (R$) | Z4: SITUAÇÃO TG | AA4: OCORRÊNCIAS TG
A5: 001167/2026-78 | B5: PROGRAMA DE APOIO A DISCENTE DA PÓS-GRADUAÇÃO (AUXÍLIO PADPG) | C5: PRPG | D5: 20GK | E5: 230389 | F5: 1000 | G5: 339018 | H5: 151931 | I5: M20GKO94AXN | J5: 2026NE000020 | K5: S | L5: =V5/S5 -> 0.92380952 | M5: =U5/S5 -> 4.7666667 | N5: =(U5-V5)/S5 -> 3.8428571 | O5: 12 | P5: 30 | Q5: 30 | R5: 525 | S5: =Q5*R5 -> 15750 | T5: =O5*S5 -> 189000 | U5: =IF(OR($J5="",$J5="-"),"",IF(COUNTIF('Base TG'!$AD$2:$AD$1000,$J5)=0,"",SUMIF('Base TG'!$AD$2:$AD$1000,$J5,'Base TG'!$AB$2:$AB$1000))) -> 75075 | V5: =IF(OR($J5="",$J5="-"),"",IF(COUNTIF('Base TG'!$AD$2:$AD$1000,$J5)=0,"",SUMIF('Base TG'!$AD$2:$AD$1000,$J5,'Base TG'!$AC$2:$AC$1000))) -> 14550 | X5: 0 | Z5: =IF(OR($J5="",$J5="-"),"SEM EMPENHO",IF(COUNTIF('Base TG'!$AD$2:$AD$1000,$J5)=0,"NÃO LOCALIZADO",IF(COUNTIF('Base TG'!$AD$2:$AD$1000,$J5)=1,"ATUALIZADO","DUPLICADO - VALORES SOMADOS"))) -> ATUALIZADO | AA5: =IF(OR($J5="",$J5="-"),"",COUNTIF('Base TG'!$AD$2:$AD$1000,$J5)) -> 1
A6: 000668/2026-37 | B6: PROGRAMA TUTORIA POR PARES DO NÚCLEO DE ACESSIBILIDADE (BOLSA TUTORES) | C6: NACES | D6: 4002 | E6: 230396 | F6: 1000 | G6: 339018 | H6: 157681 | I6: M4002G23BSE | J6: 2026NE000013 | K6: N | L6: =V6/S6 -> 0 | M6: =U6/S6 -> 6.7272727 | N6: =(U6-V6)/S6 -> 6.7272727 | O6: 12 | P6: 21 | Q6: 22 | R6: 420 | S6: =Q6*R6 -> 9240 | T6: =O6*S6 -> 110880 | U6: =IF(OR($J6="",$J6="-"),"",IF(COUNTIF('Base TG'!$AD$2:$AD$1000,$J6)=0,"",SUMIF('Base TG'!$AD$2:$AD$1000,$J6,'Base TG'!$AB$2:$AB$1000))) -> 62160 | V6: =IF(OR($J6="",$J6="-"),"",IF(COUNTIF('Base TG'!$AD$2:$AD$1000,$J6)=0,"",SUMIF('Base TG'!$AD$2:$AD$1000,$J6,'Base TG'!$AC$2:$AC$1000))) -> 0 | X6: 0 | Y6: =X6*S6 -> 0 | Z6: =IF(OR($J6="",$J6="-"),"SEM EMPENHO",IF(COUNTIF('Base TG'!$AD$2:$AD$1000,$J6)=0,"NÃO LOCALIZADO",IF(COUNTIF('Base TG'!$AD$2:$AD$1000,$J6)=1,"ATUALIZADO","DUPLICADO - VALORES SOMADOS"))) -> ATUALIZADO | AA6: =IF(OR($J6="",$J6="-"),"",COUNTIF('Base TG'!$AD$2:$AD$1000,$J6)) -> 1
A7: 001167/2026-78 | B7: Estágios Curriculares e Práticas de Ensino (AJUDA DE CUSTO ESO) | C7: PREG | D7: 20GK | E7: 230389 | F7: 1000 | G7: 339018 | H7: 157684 | I7: M20GKG19AXN | J7: 2026NE000056 | K7: S | L7: =V7/S7 -> 0.96619733 | M7: =U7/S7 -> 7.7666667 | N7: =(U7-V7)/S7 -> 6.8004693 | O7: 12 | P7: 1 | Q7: 1 | R7: 7500 | S7: =Q7*R7 -> 7500 | T7: =O7*S7 -> 90000 | U7: =IF(OR($J7="",$J7="-"),"",IF(COUNTIF('Base TG'!$AD$2:$AD$1000,$J7)=0,"",SUMIF('Base TG'!$AD$2:$AD$1000,$J7,'Base TG'!$AB$2:$AB$1000))) -> 58250 | V7: =IF(OR($J7="",$J7="-"),"",IF(COUNTIF('Base TG'!$AD$2:$AD$1000,$J7)=0,"",SUMIF('Base TG'!$AD$2:$AD$1000,$J7,'Base TG'!$AC$2:$AC$1000))) -> 7246.48 | Z7: =IF(OR($J7="",$J7="-"),"SEM EMPENHO",IF(COUNTIF('Base TG'!$AD$2:$AD$1000,$J7)=0,"NÃO LOCALIZADO",IF(COUNTIF('Base TG'!$AD$2:$AD$1000,$J7)=1,"ATUALIZADO","DUPLICADO - VALORES SOMADOS"))) -> ATUALIZADO | AA7: =IF(OR($J7="",$J7="-"),"",COUNTIF('Base TG'!$AD$2:$AD$1000,$J7)) -> 1
A8: 001167/2026-78 | B8: AUXÍLIOS PARA DESENVOLVIMENTO DE ESTUDOS E PESQUISA (AJUDA DE CUSTO PARA AULA PRÁTICA) | C8: PREG | D8: 20GK | E8: 230389 | F8: 1000 | G8: 339018 | H8: 157684 | I8: M20GKG19AXN | J8: 2026NE000057 | K8: S | L8: =V8/S8 -> 2.8907667 | M8: =U8/S8 -> 7.2333333 | N8: =(U8-V8)/S8 -> 4.3425667 | O8: 12 | P8: 1 | Q8: 1 | R8: 30000 | S8: =Q8*R8 -> 30000 | T8: =O8*S8 -> 360000 | U8: =IF(OR($J8="",$J8="-"),"",IF(COUNTIF('Base TG'!$AD$2:$AD$1000,$J8)=0,"",SUMIF('Base TG'!$AD$2:$AD$1000,$J8,'Base TG'!$AB$2:$AB$1000))) -> 217000 | V8: =IF(OR($J8="",$J8="-"),"",IF(COUNTIF('Base TG'!$AD$2:$AD$1000,$J8)=0,"",SUMIF('Base TG'!$AD$2:$AD$1000,$J8,'Base TG'!$AC$2:$AC$1000))) -> 86723 | Z8: =IF(OR($J8="",$J8="-"),"SEM EMPENHO",IF(COUNTIF('Base TG'!$AD$2:$AD$1000,$J8)=0,"NÃO LOCALIZADO",IF(COUNTIF('Base TG'!$AD$2:$AD$1000,$J8)=1,"ATUALIZADO","DUPLICADO - VALORES SOMADOS"))) -> ATUALIZADO | AA8: =IF(OR($J8="",$J8="-"),"",COUNTIF('Base TG'!$AD$2:$AD$1000,$J8)) -> 1
A9: 001167/2026-78 | B9: Programa Institucional de Bolsa de Extensão (AUXÍLIO BEXT) - PARCELA ÚNICA | C9: PROEXC | D9: 20GK | E9: 230389 | F9: 1000 | G9: 339018 | H9: 157773 | I9: M20GKG21AXN | J9: 2026NE000165 | K9: S | L9: =V9/S9 -> 0 | M9: =U9/S9 -> 1 | N9: =(U9-V9)/S9 -> 1 | O9: 1 | P9: 100 | Q9: 100 | R9: 700 | S9: =Q9*R9 -> 70000 | T9: =O9*S9 -> 70000 | U9: =IF(OR($J9="",$J9="-"),"",IF(COUNTIF('Base TG'!$AD$2:$AD$1000,$J9)=0,"",SUMIF('Base TG'!$AD$2:$AD$1000,$J9,'Base TG'!$AB$2:$AB$1000))) -> 70000 | V9: =IF(OR($J9="",$J9="-"),"",IF(COUNTIF('Base TG'!$AD$2:$AD$1000,$J9)=0,"",SUMIF('Base TG'!$AD$2:$AD$1000,$J9,'Base TG'!$AC$2:$AC$1000))) -> 0 | X9: 1 | Z9: =IF(OR($J9="",$J9="-"),"SEM EMPENHO",IF(COUNTIF('Base TG'!$AD$2:$AD$1000,$J9)=0,"NÃO LOCALIZADO",IF(COUNTIF('Base TG'!$AD$2:$AD$1000,$J9)=1,"ATUALIZADO","DUPLICADO - VALORES SOMADOS"))) -> ATUALIZADO | AA9: =IF(OR($J9="",$J9="-"),"",COUNTIF('Base TG'!$AD$2:$AD$1000,$J9)) -> 1
A10: 001167/2026-78 | B10: PROGRAMA DE INICIAÇÃO AO EMPREENDEDORISMO (BOLSA PIEMP) | C10: NEI | D10: 20GK | E10: 230395 | F10: 1000 | G10: 339018 | H10: 157665 | I10: M20GKG20BSN | J10: - | O10: 5 | P10: 0 | Q10: 5 | R10: 700 | S10: =Q10*R10 -> 3500 | T10: =O10*S10 -> 17500 | U10: =IF(OR($J10="",$J10="-"),"",IF(COUNTIF('Base TG'!$AD$2:$AD$1000,$J10)=0,"",SUMIF('Base TG'!$AD$2:$AD$1000,$J10,'Base TG'!$AB$2:$AB$1000))) | V10: =IF(OR($J10="",$J10="-"),"",IF(COUNTIF('Base TG'!$AD$2:$AD$1000,$J10)=0,"",SUMIF('Base TG'!$AD$2:$AD$1000,$J10,'Base TG'!$AC$2:$AC$1000))) | Z10: =IF(OR($J10="",$J10="-"),"SEM EMPENHO",IF(COUNTIF('Base TG'!$AD$2:$AD$1000,$J10)=0,"NÃO LOCALIZADO",IF(COUNTIF('Base TG'!$AD$2:$AD$1000,$J10)=1,"ATUALIZADO","DUPLICADO - VALORES SOMADOS"))) -> SEM EMPENHO | AA10: =IF(OR($J10="",$J10="-"),"",COUNTIF('Base TG'!$AD$2:$AD$1000,$J10))
A11: 001167/2026-78 | B11: PROGRAMA DE MONITORIA/TUTORIA/BIA CONTRAPARTIDA (BOLSA MONITORIA/TUTORIA/BIA) | C11: PREG | D11: 20GK | E11: 230395 | F11: 1000 | G11: 339018 | H11: 157684 | I11: M20GKG19BSN | J11: 2026NE000014 | K11: S | L11: =V11/S11 -> 0.14222222 | M11: =U11/S11 -> 6.6144444 | N11: =(U11-V11)/S11 -> 6.4722222 | O11: 12 | P11: 220 | Q11: 225 | R11: 420 | S11: =Q11*R11 -> 94500 | T11: =O11*S11 -> 1134000 | U11: =IF(OR($J11="",$J11="-"),"",IF(COUNTIF('Base TG'!$AD$2:$AD$1000,$J11)=0,"",SUMIF('Base TG'!$AD$2:$AD$1000,$J11,'Base TG'!$AB$2:$AB$1000))) -> 625065 | V11: =IF(OR($J11="",$J11="-"),"",IF(COUNTIF('Base TG'!$AD$2:$AD$1000,$J11)=0,"",SUMIF('Base TG'!$AD$2:$AD$1000,$J11,'Base TG'!$AC$2:$AC$1000))) -> 13440 | X11: 1 | Z11: =IF(OR($J11="",$J11="-"),"SEM EMPENHO",IF(COUNTIF('Base TG'!$AD$2:$AD$1000,$J11)=0,"NÃO LOCALIZADO",IF(COUNTIF('Base TG'!$AD$2:$AD$1000,$J11)=1,"ATUALIZADO","DUPLICADO - VALORES SOMADOS"))) -> ATUALIZADO | AA11: =IF(OR($J11="",$J11="-"),"",COUNTIF('Base TG'!$AD$2:$AD$1000,$J11)) -> 1
A12: 001167/2026-78 | B12: PROGRAMA INSTITUCIONAL DE INICIAÇÃO CIENTÍFICA E DESENVOLVIMENTO TECNOLÓGICO E INOVAÇÃO (BOLSA PIBITI) | C12: NEI | D12: 20GK | E12: 230395 | F12: 1000 | G12: 339018 | H12: 157665 | I12: M20GKG20BSN | J12: 2026NE000015 | K12: S | L12: =V12/S12 -> 0 | M12: =U12/S12 -> 7 | N12: =(U12-V12)/S12 -> 7 | O12: 12 | P12: 2 | Q12: 2 | R12: 700 | S12: =Q12*R12 -> 1400 | T12: =O12*S12 -> 16800 | U12: =IF(OR($J12="",$J12="-"),"",IF(COUNTIF('Base TG'!$AD$2:$AD$1000,$J12)=0,"",SUMIF('Base TG'!$AD$2:$AD$1000,$J12,'Base TG'!$AB$2:$AB$1000))) -> 9800 | V12: =IF(OR($J12="",$J12="-"),"",IF(COUNTIF('Base TG'!$AD$2:$AD$1000,$J12)=0,"",SUMIF('Base TG'!$AD$2:$AD$1000,$J12,'Base TG'!$AC$2:$AC$1000))) -> 0 | X12: 1 | Z12: =IF(OR($J12="",$J12="-"),"SEM EMPENHO",IF(COUNTIF('Base TG'!$AD$2:$AD$1000,$J12)=0,"NÃO LOCALIZADO",IF(COUNTIF('Base TG'!$AD$2:$AD$1000,$J12)=1,"ATUALIZADO","DUPLICADO - VALORES SOMADOS"))) -> ATUALIZADO | AA12: =IF(OR($J12="",$J12="-"),"",COUNTIF('Base TG'!$AD$2:$AD$1000,$J12)) -> 1
A13: 001167/2026-78 | B13: PROGRAMA INSTITUCIONAL DE BOLSAS DE INICIAÇÃO CIENTÍFICA (BOLSA PIBIC) | C13: PROPESQ | D13: 20GK | E13: 230395 | F13: 1000 | G13: 339018 | H13: 157736 | I13: M20GKG20BSN | J13: 2026NE000016 | K13: S | L13: =V13/S13 -> 0 | M13: =U13/S13 -> 7 | N13: =(U13-V13)/S13 -> 7 | O13: 12 | P13: 65 | Q13: 65 | R13: 700 | S13: =Q13*R13 -> 45500 | T13: =O13*S13 -> 546000 | U13: =IF(OR($J13="",$J13="-"),"",IF(COUNTIF('Base TG'!$AD$2:$AD$1000,$J13)=0,"",SUMIF('Base TG'!$AD$2:$AD$1000,$J13,'Base TG'!$AB$2:$AB$1000))) -> 318500 | V13: =IF(OR($J13="",$J13="-"),"",IF(COUNTIF('Base TG'!$AD$2:$AD$1000,$J13)=0,"",SUMIF('Base TG'!$AD$2:$AD$1000,$J13,'Base TG'!$AC$2:$AC$1000))) -> 0 | X13: 1 | Z13: =IF(OR($J13="",$J13="-"),"SEM EMPENHO",IF(COUNTIF('Base TG'!$AD$2:$AD$1000,$J13)=0,"NÃO LOCALIZADO",IF(COUNTIF('Base TG'!$AD$2:$AD$1000,$J13)=1,"ATUALIZADO","DUPLICADO - VALORES SOMADOS"))) -> ATUALIZADO | AA13: =IF(OR($J13="",$J13="-"),"",COUNTIF('Base TG'!$AD$2:$AD$1000,$J13)) -> 1
A14: 001167/2026-78 | B14: PROGRAMA DE INICIAÇÃO CIENTÍFICA - AÇÕES AFIRMATIVAS (BOLSA PIBIC-AF) | C14: PROPESQ | D14: 20GK | E14: 230395 | F14: 1000 | G14: 339018 | H14: 157736 | I14: M20GKG20BSN | J14: 2026NE000017 | K14: S | L14: =V14/S14 -> 0 | M14: =U14/S14 -> 7 | N14: =(U14-V14)/S14 -> 7 | O14: 12 | P14: 2 | Q14: 2 | R14: 700 | S14: =Q14*R14 -> 1400 | T14: =O14*S14 -> 16800 | U14: =IF(OR($J14="",$J14="-"),"",IF(COUNTIF('Base TG'!$AD$2:$AD$1000,$J14)=0,"",SUMIF('Base TG'!$AD$2:$AD$1000,$J14,'Base TG'!$AB$2:$AB$1000))) -> 9800 | V14: =IF(OR($J14="",$J14="-"),"",IF(COUNTIF('Base TG'!$AD$2:$AD$1000,$J14)=0,"",SUMIF('Base TG'!$AD$2:$AD$1000,$J14,'Base TG'!$AC$2:$AC$1000))) -> 0 | X14: 1 | Z14: =IF(OR($J14="",$J14="-"),"SEM EMPENHO",IF(COUNTIF('Base TG'!$AD$2:$AD$1000,$J14)=0,"NÃO LOCALIZADO",IF(COUNTIF('Base TG'!$AD$2:$AD$1000,$J14)=1,"ATUALIZADO","DUPLICADO - VALORES SOMADOS"))) -> ATUALIZADO | AA14: =IF(OR($J14="",$J14="-"),"",COUNTIF('Base TG'!$AD$2:$AD$1000,$J14)) -> 1
A15: 001167/2026-78 | B15: PROGRAMA DE INICIAÇÃO CIENTÍFICA - ENSINO MÉDIO (BOLSA PIBIC-EM) | C15: PROPESQ | D15: 20GK | E15: 230395 | F15: 1000 | G15: 339018 | H15: 157736 | I15: M20GKG20BSN | J15: 2026NE000018 | K15: S | L15: =V15/S15 -> 0 | M15: =U15/S15 -> 6.95 | N15: =(U15-V15)/S15 -> 6.95 | O15: 12 | P15: 20 | Q15: 20 | R15: 300 | S15: =Q15*R15 -> 6000 | T15: =O15*S15 -> 72000 | U15: =IF(OR($J15="",$J15="-"),"",IF(COUNTIF('Base TG'!$AD$2:$AD$1000,$J15)=0,"",SUMIF('Base TG'!$AD$2:$AD$1000,$J15,'Base TG'!$AB$2:$AB$1000))) -> 41700 | V15: =IF(OR($J15="",$J15="-"),"",IF(COUNTIF('Base TG'!$AD$2:$AD$1000,$J15)=0,"",SUMIF('Base TG'!$AD$2:$AD$1000,$J15,'Base TG'!$AC$2:$AC$1000))) -> 0 | X15: 1 | Z15: =IF(OR($J15="",$J15="-"),"SEM EMPENHO",IF(COUNTIF('Base TG'!$AD$2:$AD$1000,$J15)=0,"NÃO LOCALIZADO",IF(COUNTIF('Base TG'!$AD$2:$AD$1000,$J15)=1,"ATUALIZADO","DUPLICADO - VALORES SOMADOS"))) -> ATUALIZADO | AA15: =IF(OR($J15="",$J15="-"),"",COUNTIF('Base TG'!$AD$2:$AD$1000,$J15)) -> 1
A16: 001167/2026-78 | B16: Programa Institucional de Bolsa de Extensão (BOLSA CORO DA UFRPE) | C16: PROEXC | D16: 20GK | E16: 230395 | F16: 1000 | G16: 339018 | H16: 157773 | I16: M20GKG21BSN | J16: 2026NE000021 | K16: S | L16: =V16/S16 -> 1.2 | M16: =U16/S16 -> 5.55 | N16: =(U16-V16)/S16 -> 4.35 | O16: 11 | P16: 20 | Q16: 20 | R16: 700 | S16: =Q16*R16 -> 14000 | T16: =O16*S16 -> 154000 | U16: =IF(OR($J16="",$J16="-"),"",IF(COUNTIF('Base TG'!$AD$2:$AD$1000,$J16)=0,"",SUMIF('Base TG'!$AD$2:$AD$1000,$J16,'Base TG'!$AB$2:$AB$1000))) -> 77700 | V16: =IF(OR($J16="",$J16="-"),"",IF(COUNTIF('Base TG'!$AD$2:$AD$1000,$J16)=0,"",SUMIF('Base TG'!$AD$2:$AD$1000,$J16,'Base TG'!$AC$2:$AC$1000))) -> 16800 | X16: 1 | Z16: =IF(OR($J16="",$J16="-"),"SEM EMPENHO",IF(COUNTIF('Base TG'!$AD$2:$AD$1000,$J16)=0,"NÃO LOCALIZADO",IF(COUNTIF('Base TG'!$AD$2:$AD$1000,$J16)=1,"ATUALIZADO","DUPLICADO - VALORES SOMADOS"))) -> ATUALIZADO | AA16: =IF(OR($J16="",$J16="-"),"",COUNTIF('Base TG'!$AD$2:$AD$1000,$J16)) -> 1
A17: 001167/2026-78 | B17: Programa Estudante-Convênio de Graduação - PEC-G (AUXÍLIO FINANCEIRO PROMISAES) | C17: PREG | D17: 4002 | E17: 230404 | F17: 1000 | G17: 339018 | H17: 157684 | I17: M4002G23AXN | J17: 2026NE000058 | K17: S | L17: =V17/S17 -> 0 | M17: =U17/S17 -> 5 | N17: =(U17-V17)/S17 -> 5 | O17: 12 | P17: 6 | Q17: 6 | R17: 622 | S17: =P17*R17 -> 3732 | T17: =O17*S17 -> 44784 | U17: =IF(OR($J17="",$J17="-"),"",IF(COUNTIF('Base TG'!$AD$2:$AD$1000,$J17)=0,"",SUMIF('Base TG'!$AD$2:$AD$1000,$J17,'Base TG'!$AB$2:$AB$1000))) -> 18660 | V17: =IF(OR($J17="",$J17="-"),"",IF(COUNTIF('Base TG'!$AD$2:$AD$1000,$J17)=0,"",SUMIF('Base TG'!$AD$2:$AD$1000,$J17,'Base TG'!$AC$2:$AC$1000))) -> 0 | X17: 1 | Y17: =X17*S17 -> 3732 | Z17: =IF(OR($J17="",$J17="-"),"SEM EMPENHO",IF(COUNTIF('Base TG'!$AD$2:$AD$1000,$J17)=0,"NÃO LOCALIZADO",IF(COUNTIF('Base TG'!$AD$2:$AD$1000,$J17)=1,"ATUALIZADO","DUPLICADO - VALORES SOMADOS"))) -> ATUALIZADO | AA17: =IF(OR($J17="",$J17="-"),"",COUNTIF('Base TG'!$AD$2:$AD$1000,$J17)) -> 1
A18: 001167/2026-78 | B18: Programa Institucional de Bolsa de Extensão (BOLSA BEXT) | C18: PROEXC | D18: 20GK | E18: 230395 | F18: 1000 | G18: 339018 | H18: 157773 | I18: M20GKG21BSN | J18: 2026NE000022 | K18: S | L18: =V18/S18 -> 0.01 | M18: =U18/S18 -> 6 | N18: =(U18-V18)/S18 -> 5.99 | O18: 10 | P18: 100 | Q18: 100 | R18: 700 | S18: =Q18*R18 -> 70000 | T18: =O18*S18 -> 700000 | U18: =IF(OR($J18="",$J18="-"),"",IF(COUNTIF('Base TG'!$AD$2:$AD$1000,$J18)=0,"",SUMIF('Base TG'!$AD$2:$AD$1000,$J18,'Base TG'!$AB$2:$AB$1000))) -> 420000 | V18: =IF(OR($J18="",$J18="-"),"",IF(COUNTIF('Base TG'!$AD$2:$AD$1000,$J18)=0,"",SUMIF('Base TG'!$AD$2:$AD$1000,$J18,'Base TG'!$AC$2:$AC$1000))) -> 700 | X18: 1 | Z18: =IF(OR($J18="",$J18="-"),"SEM EMPENHO",IF(COUNTIF('Base TG'!$AD$2:$AD$1000,$J18)=0,"NÃO LOCALIZADO",IF(COUNTIF('Base TG'!$AD$2:$AD$1000,$J18)=1,"ATUALIZADO","DUPLICADO - VALORES SOMADOS"))) -> ATUALIZADO | AA18: =IF(OR($J18="",$J18="-"),"",COUNTIF('Base TG'!$AD$2:$AD$1000,$J18)) -> 1
A19: 002429/2026-11 | B19: REDE ANDIFES NACIONAL DE ESPECIALISTAS EM LÍNGUA ESTRANGEIRA (BOLSA REDE ANDIFES IsF) | C19: NINTER | D19: 21GS | E19: 230399 | F19: 1000 | G19: 339018 | H19: 157666 | I19: M21GSG21BSN | J19: 2026NE000231 | K19: S | L19: =V19/S19 -> 0 | M19: =U19/S19 -> 5 | N19: =(U19-V19)/S19 -> 5 | O19: 10 | P19: 5 | Q19: 5 | R19: 700 | S19: =R19*P19 -> 3500 | T19: =O19*S19 -> 35000 | U19: =IF(OR($J19="",$J19="-"),"",IF(COUNTIF('Base TG'!$AD$2:$AD$1000,$J19)=0,"",SUMIF('Base TG'!$AD$2:$AD$1000,$J19,'Base TG'!$AB$2:$AB$1000))) -> 17500 | V19: =IF(OR($J19="",$J19="-"),"",IF(COUNTIF('Base TG'!$AD$2:$AD$1000,$J19)=0,"",SUMIF('Base TG'!$AD$2:$AD$1000,$J19,'Base TG'!$AC$2:$AC$1000))) -> 0 | X19: 1 | Y19: =X19*S19 -> 3500 | Z19: =IF(OR($J19="",$J19="-"),"SEM EMPENHO",IF(COUNTIF('Base TG'!$AD$2:$AD$1000,$J19)=0,"NÃO LOCALIZADO",IF(COUNTIF('Base TG'!$AD$2:$AD$1000,$J19)=1,"ATUALIZADO","DUPLICADO - VALORES SOMADOS"))) -> ATUALIZADO | AA19: =IF(OR($J19="",$J19="-"),"",COUNTIF('Base TG'!$AD$2:$AD$1000,$J19)) -> 1
A20: 002429/2026-11 | B20: PROGRAMA DE ENSINO PRESENCIAL E REMOTO DE IDIOMAS (BOLSA PEPRI) | C20: NINTER | D20: 21GS | E20: 230399 | F20: 1000 | G20: 339018 | H20: 157666 | I20: M21GSG21BSN | J20: 2026NE000232 | K20: S | L20: =V20/S20 -> 0.66666667 | M20: =U20/S20 -> 5.3333333 | N20: =(U20-V20)/S20 -> 4.6666667 | O20: 10 | P20: 2 | Q20: 3 | R20: 700 | S20: =Q20*R20 -> 2100 | T20: =O20*S20 -> 21000 | U20: =IF(OR($J20="",$J20="-"),"",IF(COUNTIF('Base TG'!$AD$2:$AD$1000,$J20)=0,"",SUMIF('Base TG'!$AD$2:$AD$1000,$J20,'Base TG'!$AB$2:$AB$1000))) -> 11200 | V20: =IF(OR($J20="",$J20="-"),"",IF(COUNTIF('Base TG'!$AD$2:$AD$1000,$J20)=0,"",SUMIF('Base TG'!$AD$2:$AD$1000,$J20,'Base TG'!$AC$2:$AC$1000))) -> 1400 | X20: 0 | Y20: =X20*S20 -> 0 | Z20: =IF(OR($J20="",$J20="-"),"SEM EMPENHO",IF(COUNTIF('Base TG'!$AD$2:$AD$1000,$J20)=0,"NÃO LOCALIZADO",IF(COUNTIF('Base TG'!$AD$2:$AD$1000,$J20)=1,"ATUALIZADO","DUPLICADO - VALORES SOMADOS"))) -> ATUALIZADO | AA20: =IF(OR($J20="",$J20="-"),"",COUNTIF('Base TG'!$AD$2:$AD$1000,$J20)) -> 1
A21: 001167/2026-78 | B21: PROGRAMA ASSISTENTE DE FRANCÊS (BOLSA PAF) | C21: NINTER | D21: 20GK | E21: 230395 | F21: 1000 | G21: 339048 | H21: 157666 | I21: M20GKG21BSN | J21: 2026NE000237 | K21: S | L21: =V21/S21 -> 0 | M21: =U21/S21 -> 6 | N21: =(U21-V21)/S21 -> 6 | O21: 11 | P21: 1 | Q21: 1 | R21: 3000 | S21: =Q21*R21 -> 3000 | T21: =O21*S21 -> 33000 | U21: =IF(OR($J21="",$J21="-"),"",IF(COUNTIF('Base TG'!$AD$2:$AD$1000,$J21)=0,"",SUMIF('Base TG'!$AD$2:$AD$1000,$J21,'Base TG'!$AB$2:$AB$1000))) -> 18000 | V21: =IF(OR($J21="",$J21="-"),"",IF(COUNTIF('Base TG'!$AD$2:$AD$1000,$J21)=0,"",SUMIF('Base TG'!$AD$2:$AD$1000,$J21,'Base TG'!$AC$2:$AC$1000))) -> 0 | X21: 1 | Z21: =IF(OR($J21="",$J21="-"),"SEM EMPENHO",IF(COUNTIF('Base TG'!$AD$2:$AD$1000,$J21)=0,"NÃO LOCALIZADO",IF(COUNTIF('Base TG'!$AD$2:$AD$1000,$J21)=1,"ATUALIZADO","DUPLICADO - VALORES SOMADOS"))) -> ATUALIZADO | AA21: =IF(OR($J21="",$J21="-"),"",COUNTIF('Base TG'!$AD$2:$AD$1000,$J21)) -> 1
A22: 004309/2026-59 | B22: BOLSAS DE APOIO INSTITUCIONAL ÀS AÇÕES DE EXTENSÃO E CULTURA | C22: PROEXC | D22: 20GK | E22: 230384 | F22: 1000 | G22: 339018 | H22: 157773 | I22: M20GKG21BSN | J22: 2026NE000292 | K22: S | L22: =V22/S22 -> 0 | M22: 0 | N22: 0 | O22: 10 | P22: 8 | Q22: 8 | R22: 700 | S22: =Q22*R22 -> 5600 | T22: =O22*S22 -> 56000 | U22: =IF(OR($J22="",$J22="-"),"",IF(COUNTIF('Base TG'!$AD$2:$AD$1000,$J22)=0,"",SUMIF('Base TG'!$AD$2:$AD$1000,$J22,'Base TG'!$AB$2:$AB$1000))) -> 16100 | V22: =IF(OR($J22="",$J22="-"),"",IF(COUNTIF('Base TG'!$AD$2:$AD$1000,$J22)=0,"",SUMIF('Base TG'!$AD$2:$AD$1000,$J22,'Base TG'!$AC$2:$AC$1000))) -> 0 | X22: 1 | Z22: =IF(OR($J22="",$J22="-"),"SEM EMPENHO",IF(COUNTIF('Base TG'!$AD$2:$AD$1000,$J22)=0,"NÃO LOCALIZADO",IF(COUNTIF('Base TG'!$AD$2:$AD$1000,$J22)=1,"ATUALIZADO","DUPLICADO - VALORES SOMADOS"))) -> ATUALIZADO | AA22: =IF(OR($J22="",$J22="-"),"",COUNTIF('Base TG'!$AD$2:$AD$1000,$J22)) -> 1
A23: 002429/2026-11 | B23: PROGRAMA DE ENSINO PRESENCIAL E REMOTO DE IDIOMAS (BOLSA PEPRI) - COMPLEMENTO | C23: NINTER | D23: 20GK | E23: 230389 | F23: 1000 | G23: 339018 | H23: 157666 | I23: M20GKG21BSN | J23: 0 | K23: S | O23: 1 | P23: 0 | Q23: 0 | R23: 6136 | S23: 6136 | T23: =O23*S23 -> 6136 | U23: =IF(OR($J23="",$J23="-"),"",IF(COUNTIF('Base TG'!$AD$2:$AD$1000,$J23)=0,"",SUMIF('Base TG'!$AD$2:$AD$1000,$J23,'Base TG'!$AB$2:$AB$1000))) | V23: =IF(OR($J23="",$J23="-"),"",IF(COUNTIF('Base TG'!$AD$2:$AD$1000,$J23)=0,"",SUMIF('Base TG'!$AD$2:$AD$1000,$J23,'Base TG'!$AC$2:$AC$1000))) | X23: 0 | Z23: =IF(OR($J23="",$J23="-"),"SEM EMPENHO",IF(COUNTIF('Base TG'!$AD$2:$AD$1000,$J23)=0,"NÃO LOCALIZADO",IF(COUNTIF('Base TG'!$AD$2:$AD$1000,$J23)=1,"ATUALIZADO","DUPLICADO - VALORES SOMADOS"))) -> NÃO LOCALIZADO | AA23: =IF(OR($J23="",$J23="-"),"",COUNTIF('Base TG'!$AD$2:$AD$1000,$J23)) -> 0
Q25: =SUBTOTAL(9,Q5:Q23) -> 580 | R25: =SUBTOTAL(9,R5:R23) -> 53481 | S25: =SUBTOTAL(9,S5:S23) -> 374286 | T25: =SUBTOTAL(9,T5:T23) -> 3461236 | U25: =SUBTOTAL(9,U5:U23) -> 1956990 | V25: =SUBTOTAL(9,V5:V23) -> 139459.48 | W25: =SUM(W6:W22) -> 0 | Y25: =SUM(Y6:Y22) -> 7232 | Z25: TOTAIS

Sheet Base TG
A1: UG Executora | C1: NE CCor - Favorecido | D1: NE CCor | E1: NE CCor - Descrição | F1: NE CCor - Núm. Processo | G1: PTRES | H1: Ação Governo | I1: Fonte Recursos Detalhada | J1: Natureza Despesa | L1: UG Responsável | N1: PI | O1: LIQ JAN | P1: LIQ FEV | Q1: LIQ MAR | R1: LIQ ABR | S1: LIQ MAI | T1: LIQ JUN | U1: LIQ JUL | V1: LIQ AGO | W1: LIQ SET | X1: LIQ OUT | Y1: LIQ NOV | Z1: LIQ DEZ | AA1: LIQ TOTAL | AB1: EMP TOTAL | AC1: EMP A LIQ ATUAL | AD1: EMPENHO EXTRAÍDO | AE1: SITUAÇÃO NA PLANILHA | AF1: DATA DA CARGA
A2: 153165 | B2: UNIVERSIDADE FEDERAL RURAL DE PERNAMBUCO | C2: UNIVERSIDADE FEDERAL RURAL DE PERNAMBUCO | D2: 153165152392026NE000013 | E2: AUXILIO FINANCEIRO A ESTUDANTES - OFICIO Nº 1/2026 - NACES-UFRPE (DOC. Nº 18/2026 SIPAC) DESPACHO Nº 3034/2026 - PROPLAD | F2: 23082.000668/2026-37 | G2: 230396 | H2: 4002 | I2: 1000000000 | J2: 339018 | K2: AUXILIO FINANCEIRO A ESTUDANTES | L2: 157681 | M2: NUCLEO ACESSIBILIDADE | N2: M4002G23BSE | O2: 8820 | P2: 8820 | Q2: 8820 | R2: 7980 | S2: 0 | T2: 0 | U2: 18480 | V2: 0 | AA2: 62160 | AB2: 62160 | AC2: 0 | AD2: =IF(D2="","",RIGHT(TRIM(D2),12)) -> 2026NE000013 | AE2: =IF(AD2="","",IF(COUNTIF($AD$2:$AD$1000,AD2)>1,"DUPLICADO NO TG",IF(COUNTIF('Bolsas e auxílios'!$J$5:$J$1000,AD2)=0,"FORA DO CONTROLE","LOCALIZADO"))) -> LOCALIZADO | AF2: 46231.5
A3: 153165 | B3: UNIVERSIDADE FEDERAL RURAL DE PERNAMBUCO | C3: UNIVERSIDADE FEDERAL RURAL DE PERNAMBUCO | D3: 153165152392026NE000014 | E3: AUXILIO FINANCEIRO A ESTUDANTES - OF. Nº 03/2026 - PROPLAD (DOC. Nº 200/2026 SIPAC)(BOLSA MONITORIA/TUTORIA/ BIA) | F3: 23082.001167/2026-78 | G3: 230395 | H3: 20GK | I3: 1000000000 | J3: 339018 | K3: AUXILIO FINANCEIRO A ESTUDANTES | L3: 157684 | M3: REITORIA DE ENSINO E GRADUACAO | N3: M20GKG19BSN | O3: 89670 | P3: 89040 | Q3: 79065 | R3: 83370 | S3: 94080 | T3: 94080 | U3: 94920 | V3: 0 | AA3: 611625 | AB3: 625065 | AC3: 13440 | AD3: =IF(D3="","",RIGHT(TRIM(D3),12)) -> 2026NE000014 | AE3: =IF(AD3="","",IF(COUNTIF($AD$2:$AD$1000,AD3)>1,"DUPLICADO NO TG",IF(COUNTIF('Bolsas e auxílios'!$J$5:$J$1000,AD3)=0,"FORA DO CONTROLE","LOCALIZADO"))) -> LOCALIZADO | AF3: Cole futuras extrações somente nas colunas A:AC.
A4: 153165 | B4: UNIVERSIDADE FEDERAL RURAL DE PERNAMBUCO | C4: UNIVERSIDADE FEDERAL RURAL DE PERNAMBUCO | D4: 153165152392026NE000015 | E4: AUXILIO FINANCEIRO A ESTUDANTES - OF. Nº 03/2026 - PROPLAD (DOC. Nº 200/2026 SIPAC)(BOLSA PIBITI) | F4: 23082.001167/2026-78 | G4: 230395 | H4: 20GK | I4: 1000000000 | J4: 339018 | K4: AUXILIO FINANCEIRO A ESTUDANTES | L4: 157665 | M4: NUCLEO DE EMPREENDEDORISMO E INOVACAO | N4: M20GKG20BSN | O4: 1400 | P4: 1400 | Q4: 1400 | R4: 1400 | S4: 1400 | T4: 1400 | U4: 1400 | V4: 0 | AA4: 9800 | AB4: 9800 | AC4: 0 | AD4: =IF(D4="","",RIGHT(TRIM(D4),12)) -> 2026NE000015 | AE4: =IF(AD4="","",IF(COUNTIF($AD$2:$AD$1000,AD4)>1,"DUPLICADO NO TG",IF(COUNTIF('Bolsas e auxílios'!$J$5:$J$1000,AD4)=0,"FORA DO CONTROLE","LOCALIZADO"))) -> LOCALIZADO
A5: 153165 | B5: UNIVERSIDADE FEDERAL RURAL DE PERNAMBUCO | C5: UNIVERSIDADE FEDERAL RURAL DE PERNAMBUCO | D5: 153165152392026NE000016 | E5: AUXILIO FINANCEIRO A ESTUDANTES - OF. Nº 03/2026 - PROPLAD (DOC. Nº 200/2026 SIPAC)BOLSA PIBIC - PROPESQ | F5: 23082.001167/2026-78 | G5: 230395 | H5: 20GK | I5: 1000000000 | J5: 339018 | K5: AUXILIO FINANCEIRO A ESTUDANTES | L5: 157736 | M5: PRO-REITORIA DE PESQUISA | N5: M20GKG20BSN | P5: 91000 | Q5: 45500 | R5: 45500 | S5: 45500 | T5: 45500 | U5: 45500 | V5: 0 | AA5: 318500 | AB5: 318500 | AC5: 0 | AD5: =IF(D5="","",RIGHT(TRIM(D5),12)) -> 2026NE000016 | AE5: =IF(AD5="","",IF(COUNTIF($AD$2:$AD$1000,AD5)>1,"DUPLICADO NO TG",IF(COUNTIF('Bolsas e auxílios'!$J$5:$J$1000,AD5)=0,"FORA DO CONTROLE","LOCALIZADO"))) -> LOCALIZADO
A6: 153165 | B6: UNIVERSIDADE FEDERAL RURAL DE PERNAMBUCO | C6: UNIVERSIDADE FEDERAL RURAL DE PERNAMBUCO | D6: 153165152392026NE000017 | E6: AUXILIO FINANCEIRO A ESTUDANTES - OF. Nº 03/2026 - PROPLAD (DOC. Nº 200/2026 SIPAC)BOLSA PIBIC-AF - PROPESQ | F6: 23082.001167/2026-78 | G6: 230395 | H6: 20GK | I6: 1000000000 | J6: 339018 | K6: AUXILIO FINANCEIRO A ESTUDANTES | L6: 157736 | M6: PRO-REITORIA DE PESQUISA | N6: M20GKG20BSN | P6: 2800 | Q6: 1400 | R6: 1400 | S6: 1400 | T6: 1400 | U6: 1400 | V6: 0 | AA6: 9800 | AB6: 9800 | AC6: 0 | AD6: =IF(D6="","",RIGHT(TRIM(D6),12)) -> 2026NE000017 | AE6: =IF(AD6="","",IF(COUNTIF($AD$2:$AD$1000,AD6)>1,"DUPLICADO NO TG",IF(COUNTIF('Bolsas e auxílios'!$J$5:$J$1000,AD6)=0,"FORA DO CONTROLE","LOCALIZADO"))) -> LOCALIZADO
A7: 153165 | B7: UNIVERSIDADE FEDERAL RURAL DE PERNAMBUCO | C7: UNIVERSIDADE FEDERAL RURAL DE PERNAMBUCO | D7: 153165152392026NE000018 | E7: AUXILIO FINANCEIRO A ESTUDANTES - OF. Nº 03/2026 - PROPLAD (DOC. Nº 200/2026 SIPAC)BOLSA PIBIC-EM - PROPESQ | F7: 23082.001167/2026-78 | G7: 230395 | H7: 20GK | I7: 1000000000 | J7: 339018 | K7: AUXILIO FINANCEIRO A ESTUDANTES | L7: 157736 | M7: PRO-REITORIA DE PESQUISA | N7: M20GKG20BSN | P7: 11700 | Q7: 6000 | R7: 6000 | S7: 6000 | T7: 6000 | U7: 6000 | V7: 0 | AA7: 41700 | AB7: 41700 | AC7: 0 | AD7: =IF(D7="","",RIGHT(TRIM(D7),12)) -> 2026NE000018 | AE7: =IF(AD7="","",IF(COUNTIF($AD$2:$AD$1000,AD7)>1,"DUPLICADO NO TG",IF(COUNTIF('Bolsas e auxílios'!$J$5:$J$1000,AD7)=0,"FORA DO CONTROLE","LOCALIZADO"))) -> LOCALIZADO
A8: 153165 | B8: UNIVERSIDADE FEDERAL RURAL DE PERNAMBUCO | C8: UNIVERSIDADE FEDERAL RURAL DE PERNAMBUCO | D8: 153165152392026NE000019 | E8: AUXILIO FINANCEIRO A ESTUDANTES - OF. Nº 03/2026 - PROPLAD (DOC. Nº 200/2026 SIPAC)BOLSA PAF - NINTER | F8: M20GKG21BSN | G8: 230395 | H8: 20GK | I8: 1000000000 | J8: 339048 | K8: OUTROS AUXILIOS FINANCEIROS A PESSOA FISICA | L8: 157666 | M8: NUCLEO DE INTERNACIONALIZACAO | N8: M20GKG21BSN | P8: 3000 | Q8: 0 | R8: -3000 | S8: 0 | T8: 0 | U8: 0 | V8: 0 | AA8: 0 | AB8: 0 | AC8: 0 | AD8: =IF(D8="","",RIGHT(TRIM(D8),12)) -> 2026NE000019 | AE8: =IF(AD8="","",IF(COUNTIF($AD$2:$AD$1000,AD8)>1,"DUPLICADO NO TG",IF(COUNTIF('Bolsas e auxílios'!$J$5:$J$1000,AD8)=0,"FORA DO CONTROLE","LOCALIZADO"))) -> FORA DO CONTROLE
A9: 153165 | B9: UNIVERSIDADE FEDERAL RURAL DE PERNAMBUCO | C9: UNIVERSIDADE FEDERAL RURAL DE PERNAMBUCO | D9: 153165152392026NE000020 | E9: AUXILIO FINANCEIRO A ESTUDANTES - OF. Nº 03/2026 - PROPLAD (DOC. Nº 200/2026 SIPAC)AUXILIO PADPG - PRPG | F9: 23082.001167/2026-78 | G9: 230389 | H9: 20GK | I9: 1000000000 | J9: 339018 | K9: AUXILIO FINANCEIRO A ESTUDANTES | L9: 151931 | M9: PRO-REITORIA DE POS-GRADUACAO-UFRPE | N9: M20GKO94AXN | O9: 12075 | P9: 12075 | Q9: 7875 | R9: 7875 | S9: 6825 | T9: 6825 | U9: 6300 | V9: 0 | AA9: 60525 | AB9: 75075 | AC9: 14550 | AD9: =IF(D9="","",RIGHT(TRIM(D9),12)) -> 2026NE000020 | AE9: =IF(AD9="","",IF(COUNTIF($AD$2:$AD$1000,AD9)>1,"DUPLICADO NO TG",IF(COUNTIF('Bolsas e auxílios'!$J$5:$J$1000,AD9)=0,"FORA DO CONTROLE","LOCALIZADO"))) -> LOCALIZADO
A10: 153165 | B10: UNIVERSIDADE FEDERAL RURAL DE PERNAMBUCO | C10: UNIVERSIDADE FEDERAL RURAL DE PERNAMBUCO | D10: 153165152392026NE000021 | E10: AUXILIO FINANCEIRO A ESTUDANTES - OF. Nº 03/2026 - PROPLAD (DOC. Nº 200/2026 SIPAC)BOLSA CORO DA UFRPE - PROEXC | F10: 23082.001167/2026-78 | G10: 230395 | H10: 20GK | I10: 1000000000 | J10: 339018 | K10: AUXILIO FINANCEIRO A ESTUDANTES | L10: 157773 | M10: PRO-REITORIA DE EXTENSAO CULTURA E CIDADANIA | N10: M20GKG21BSN | P10: 11900 | Q10: 11200 | R10: 12600 | S10: 8400 | T10: 8400 | U10: 8400 | V10: 0 | AA10: 60900 | AB10: 77700 | AC10: 16800 | AD10: =IF(D10="","",RIGHT(TRIM(D10),12)) -> 2026NE000021 | AE10: =IF(AD10="","",IF(COUNTIF($AD$2:$AD$1000,AD10)>1,"DUPLICADO NO TG",IF(COUNTIF('Bolsas e auxílios'!$J$5:$J$1000,AD10)=0,"FORA DO CONTROLE","LOCALIZADO"))) -> LOCALIZADO
A11: 153165 | B11: UNIVERSIDADE FEDERAL RURAL DE PERNAMBUCO | C11: UNIVERSIDADE FEDERAL RURAL DE PERNAMBUCO | D11: 153165152392026NE000022 | E11: AUXILIO FINANCEIRO A ESTUDANTES - OF. Nº 03/2026 - PROPLAD (DOC. Nº 200/2026 SIPAC)BOLSA BEXT - PROEXC | F11: 23082.001167/2026-78 | G11: 230395 | H11: 20GK | I11: 1000000000 | J11: 339018 | K11: AUXILIO FINANCEIRO A ESTUDANTES | L11: 157773 | M11: PRO-REITORIA DE EXTENSAO CULTURA E CIDADANIA | N11: M20GKG21BSN | P11: 70000 | Q11: 70000 | R11: 70000 | S11: 70000 | T11: 70000 | U11: 70000 | V11: 0 | AA11: 419300 | AB11: 420000 | AC11: 700 | AD11: =IF(D11="","",RIGHT(TRIM(D11),12)) -> 2026NE000022 | AE11: =IF(AD11="","",IF(COUNTIF($AD$2:$AD$1000,AD11)>1,"DUPLICADO NO TG",IF(COUNTIF('Bolsas e auxílios'!$J$5:$J$1000,AD11)=0,"FORA DO CONTROLE","LOCALIZADO"))) -> LOCALIZADO
A12: 153165 | B12: UNIVERSIDADE FEDERAL RURAL DE PERNAMBUCO | C12: UNIVERSIDADE FEDERAL RURAL DE PERNAMBUCO | D12: 153165152392026NE000056 | E12: AUXILIO FINANCEIRO A ESTUDANTES - DESPACHO Nº 3367/2026 - PROPLADAJUDA DE CUSTO ESO - PREG | F12: 23082.001167/2026-78 | G12: 230389 | H12: 20GK | I12: 1000000000 | J12: 339018 | K12: AUXILIO FINANCEIRO A ESTUDANTES | L12: 157684 | M12: REITORIA DE ENSINO E GRADUACAO | N12: M20GKG19AXN | P12: 14870.14 | Q12: 12750.82 | R12: 5500.53 | S12: 143.73 | T12: 143.73 | U12: 5573.04 | V12: 6300.25 | AA12: 51003.52 | AB12: 58250 | AC12: 7246.48 | AD12: =IF(D12="","",RIGHT(TRIM(D12),12)) -> 2026NE000056 | AE12: =IF(AD12="","",IF(COUNTIF($AD$2:$AD$1000,AD12)>1,"DUPLICADO NO TG",IF(COUNTIF('Bolsas e auxílios'!$J$5:$J$1000,AD12)=0,"FORA DO CONTROLE","LOCALIZADO"))) -> LOCALIZADO
A13: 153165 | B13: UNIVERSIDADE FEDERAL RURAL DE PERNAMBUCO | C13: UNIVERSIDADE FEDERAL RURAL DE PERNAMBUCO | D13: 153165152392026NE000057 | E13: AUXILIO FINANCEIRO A ESTUDANTES - DESPACHO Nº 3367/2026 - PROPLADAJUDA DE CUSTO PARA AULA PRATICA - PREG | F13: 23082.001167/2026-78 | G13: 230389 | H13: 20GK | I13: 1000000000 | J13: 339018 | K13: AUXILIO FINANCEIRO A ESTUDANTES | L13: 157684 | M13: REITORIA DE ENSINO E GRADUACAO | N13: M20GKG19AXN | R13: 21590 | S13: 31422 | T13: 31422 | U13: 7420 | V13: 0 | AA13: 130277 | AB13: 217000 | AC13: 86723 | AD13: =IF(D13="","",RIGHT(TRIM(D13),12)) -> 2026NE000057 | AE13: =IF(AD13="","",IF(COUNTIF($AD$2:$AD$1000,AD13)>1,"DUPLICADO NO TG",IF(COUNTIF('Bolsas e auxílios'!$J$5:$J$1000,AD13)=0,"FORA DO CONTROLE","LOCALIZADO"))) -> LOCALIZADO
A14: 153165 | B14: UNIVERSIDADE FEDERAL RURAL DE PERNAMBUCO | C14: UNIVERSIDADE FEDERAL RURAL DE PERNAMBUCO | D14: 153165152392026NE000058 | E14: AUXILIO FINANCEIRO A ESTUDANTES - DESPACHO Nº 3367/2026 - PROPLADAUXILIO FINANCEIRO PROMISAES - PREG | F14: 23082.001167/2026-78 | G14: 230404 | H14: 4002 | I14: 1000000000 | J14: 339018 | K14: AUXILIO FINANCEIRO A ESTUDANTES | L14: 157684 | M14: REITORIA DE ENSINO E GRADUACAO | N14: M4002G23AXN | Q14: 3732 | R14: 3732 | S14: 3732 | T14: 3732 | U14: 3732 | V14: 0 | AA14: 18660 | AB14: 18660 | AC14: 0 | AD14: =IF(D14="","",RIGHT(TRIM(D14),12)) -> 2026NE000058 | AE14: =IF(AD14="","",IF(COUNTIF($AD$2:$AD$1000,AD14)>1,"DUPLICADO NO TG",IF(COUNTIF('Bolsas e auxílios'!$J$5:$J$1000,AD14)=0,"FORA DO CONTROLE","LOCALIZADO"))) -> LOCALIZADO
A15: 153165 | B15: UNIVERSIDADE FEDERAL RURAL DE PERNAMBUCO | C15: UNIVERSIDADE FEDERAL RURAL DE PERNAMBUCO | D15: 153165152392026NE000165 | E15: AUXILIO FINANCEIRO A ESTUDANTES - DESPACHO Nº 7051/2026 - PROPLAD | F15: 23082.001167/2026-78 | G15: 230389 | H15: 20GK | I15: 1000000000 | J15: 339018 | K15: AUXILIO FINANCEIRO A ESTUDANTES | L15: 157773 | M15: PRO-REITORIA DE EXTENSAO CULTURA E CIDADANIA | N15: M20GKG21AXN | S15: 0 | T15: 0 | U15: 0 | V15: 0 | AA15: 70000 | AB15: 70000 | AC15: 0 | AD15: =IF(D15="","",RIGHT(TRIM(D15),12)) -> 2026NE000165 | AE15: =IF(AD15="","",IF(COUNTIF($AD$2:$AD$1000,AD15)>1,"DUPLICADO NO TG",IF(COUNTIF('Bolsas e auxílios'!$J$5:$J$1000,AD15)=0,"FORA DO CONTROLE","LOCALIZADO"))) -> LOCALIZADO
A16: 153165 | B16: UNIVERSIDADE FEDERAL RURAL DE PERNAMBUCO | C16: UNIVERSIDADE FEDERAL RURAL DE PERNAMBUCO | D16: 153165152392026NE000231 | E16: AUXILIO FINANCEIRO A ESTUDANTES - OF. Nº 05/2026/NINTER (DOC. Nº 499/2026 SIPAC)BOLSA IDIOMA SEM FRONTEIRAS | F16: 23082.002429/2026-11 | G16: 230399 | H16: 21GS | I16: 1000000000 | J16: 339018 | K16: AUXILIO FINANCEIRO A ESTUDANTES | L16: 157666 | M16: NUCLEO DE INTERNACIONALIZACAO | N16: M21GSG21BSN | R16: 3500 | S16: 3500 | T16: 3500 | U16: 3500 | V16: 0 | AA16: 17500 | AB16: 17500 | AC16: 0 | AD16: =IF(D16="","",RIGHT(TRIM(D16),12)) -> 2026NE000231 | AE16: =IF(AD16="","",IF(COUNTIF($AD$2:$AD$1000,AD16)>1,"DUPLICADO NO TG",IF(COUNTIF('Bolsas e auxílios'!$J$5:$J$1000,AD16)=0,"FORA DO CONTROLE","LOCALIZADO"))) -> LOCALIZADO
A17: 153165 | B17: UNIVERSIDADE FEDERAL RURAL DE PERNAMBUCO | C17: UNIVERSIDADE FEDERAL RURAL DE PERNAMBUCO | D17: 153165152392026NE000232 | E17: AUXILIO FINANCEIRO A ESTUDANTES - OF. Nº 05/2026/NINTER (DOC. Nº 499/2026 SIPAC)BOLSA PEPRI | F17: 23082.002429/2026-11 | G17: 230399 | H17: 21GS | I17: 1000000000 | J17: 339018 | K17: AUXILIO FINANCEIRO A ESTUDANTES | L17: 157666 | M17: NUCLEO DE INTERNACIONALIZACAO | N17: M21GSG21BSN | R17: 1400 | S17: 2100 | T17: 2100 | U17: 2100 | V17: 0 | AA17: 9800 | AB17: 11200 | AC17: 1400 | AD17: =IF(D17="","",RIGHT(TRIM(D17),12)) -> 2026NE000232 | AE17: =IF(AD17="","",IF(COUNTIF($AD$2:$AD$1000,AD17)>1,"DUPLICADO NO TG",IF(COUNTIF('Bolsas e auxílios'!$J$5:$J$1000,AD17)=0,"FORA DO CONTROLE","LOCALIZADO"))) -> LOCALIZADO
A18: 153165 | B18: UNIVERSIDADE FEDERAL RURAL DE PERNAMBUCO | C18: UNIVERSIDADE FEDERAL RURAL DE PERNAMBUCO | D18: 153165152392026NE000237 | E18: AUXILIO FINANCEIRO A ESTUDANTES - OF. Nº 03/2026 - PROPLAD (DOC. Nº 200/2026 SIPAC)BOLSA PAF - NINTER | F18: 23082.001167/2026-78 | G18: 230395 | H18: 20GK | I18: 1000000000 | J18: 339048 | K18: OUTROS AUXILIOS FINANCEIROS A PESSOA FISICA | L18: 157666 | M18: NUCLEO DE INTERNACIONALIZACAO | N18: M20GKG21BSN | R18: 9000 | S18: 3000 | T18: 3000 | U18: 3000 | V18: 0 | AA18: 18000 | AB18: 18000 | AC18: 0 | AD18: =IF(D18="","",RIGHT(TRIM(D18),12)) -> 2026NE000237 | AE18: =IF(AD18="","",IF(COUNTIF($AD$2:$AD$1000,AD18)>1,"DUPLICADO NO TG",IF(COUNTIF('Bolsas e auxílios'!$J$5:$J$1000,AD18)=0,"FORA DO CONTROLE","LOCALIZADO"))) -> LOCALIZADO
A19: 153165 | B19: UNIVERSIDADE FEDERAL RURAL DE PERNAMBUCO | C19: UNIVERSIDADE FEDERAL RURAL DE PERNAMBUCO | D19: 153165152392026NE000292 | E19: AUXILIO FINANCEIRO A ESTUDANTES - OF. Nº 004/2026/PROEXC (DOC. Nº 873/2026 SIPAC) | F19: 23082.004309/2026-59 | G19: 230384 | H19: 20GK | I19: 1000000000 | J19: 339018 | K19: AUXILIO FINANCEIRO A ESTUDANTES | L19: 157773 | M19: PRO-REITORIA DE EXTENSAO CULTURA E CIDADANIA | N19: M20GKG21BSN | S19: 4900 | T19: 4900 | U19: 6300 | V19: 0 | AA19: 16100 | AB19: 16100 | AC19: 0 | AD19: =IF(D19="","",RIGHT(TRIM(D19),12)) -> 2026NE000292 | AE19: =IF(AD19="","",IF(COUNTIF($AD$2:$AD$1000,AD19)>1,"DUPLICADO NO TG",IF(COUNTIF('Bolsas e auxílios'!$J$5:$J$1000,AD19)=0,"FORA DO CONTROLE","LOCALIZADO"))) -> LOCALIZADO
A20: 153165 | B20: UNIVERSIDADE FEDERAL RURAL DE PERNAMBUCO | C20: UNIVERSIDADE FEDERAL RURAL DE PERNAMBUCO | D20: 153165152392026NE000436 | E20: AUXILIO FINANCEIRO A ESTUDANTES - OF. Nº 001/2026 NEI-IPE (DOC. Nº 3235/2026 SIPAC)BOLSA PIEMP UFRPE/CNPQ 2026 | F20: 23082.001167/2026-78 | G20: 230395 | H20: 20GK | I20: 1000000000 | J20: 339018 | K20: AUXILIO FINANCEIRO A ESTUDANTES | L20: 157665 | M20: NUCLEO DE EMPREENDEDORISMO E INOVACAO | N20: M20GKG20BSN | AB20: 3500 | AC20: 3500 | AD20: =IF(D20="","",RIGHT(TRIM(D20),12)) -> 2026NE000436 | AE20: =IF(AD20="","",IF(COUNTIF($AD$2:$AD$1000,AD20)>1,"DUPLICADO NO TG",IF(COUNTIF('Bolsas e auxílios'!$J$5:$J$1000,AD20)=0,"FORA DO CONTROLE","LOCALIZADO"))) -> FORA DO CONTROLE
AD21: =IF(D21="","",RIGHT(TRIM(D21),12)) | AE21: =IF(AD21="","",IF(COUNTIF($AD$2:$AD$1000,AD21)>1,"DUPLICADO NO TG",IF(COUNTIF('Bolsas e auxílios'!$J$5:$J$1000,AD21)=0,"FORA DO CONTROLE","LOCALIZADO")))
AD22: =IF(D22="","",RIGHT(TRIM(D22),12)) | AE22: =IF(AD22="","",IF(COUNTIF($AD$2:$AD$1000,AD22)>1,"DUPLICADO NO TG",IF(COUNTIF('Bolsas e auxílios'!$J$5:$J$1000,AD22)=0,"FORA DO CONTROLE","LOCALIZADO")))
AD23: =IF(D23="","",RIGHT(TRIM(D23),12)) | AE23: =IF(AD23="","",IF(COUNTIF($AD$2:$AD$1000,AD23)>1,"DUPLICADO NO TG",IF(COUNTIF('Bolsas e auxílios'!$J$5:$J$1000,AD23)=0,"FORA DO CONTROLE","LOCALIZADO")))
AD24: =IF(D24="","",RIGHT(TRIM(D24),12)) | AE24: =IF(AD24="","",IF(COUNTIF($AD$2:$AD$1000,AD24)>1,"DUPLICADO NO TG",IF(COUNTIF('Bolsas e auxílios'!$J$5:$J$1000,AD24)=0,"FORA DO CONTROLE","LOCALIZADO")))
AD25: =IF(D25="","",RIGHT(TRIM(D25),12)) | AE25: =IF(AD25="","",IF(COUNTIF($AD$2:$AD$1000,AD25)>1,"DUPLICADO NO TG",IF(COUNTIF('Bolsas e auxílios'!$J$5:$J$1000,AD25)=0,"FORA DO CONTROLE","LOCALIZADO")))
AD26: =IF(D26="","",RIGHT(TRIM(D26),12)) | AE26: =IF(AD26="","",IF(COUNTIF($AD$2:$AD$1000,AD26)>1,"DUPLICADO NO TG",IF(COUNTIF('Bolsas e auxílios'!$J$5:$J$1000,AD26)=0,"FORA DO CONTROLE","LOCALIZADO")))
AD27: =IF(D27="","",RIGHT(TRIM(D27),12)) | AE27: =IF(AD27="","",IF(COUNTIF($AD$2:$AD$1000,AD27)>1,"DUPLICADO NO TG",IF(COUNTIF('Bolsas e auxílios'!$J$5:$J$1000,AD27)=0,"FORA DO CONTROLE","LOCALIZADO")))
AD28: =IF(D28="","",RIGHT(TRIM(D28),12)) | AE28: =IF(AD28="","",IF(COUNTIF($AD$2:$AD$1000,AD28)>1,"DUPLICADO NO TG",IF(COUNTIF('Bolsas e auxílios'!$J$5:$J$1000,AD28)=0,"FORA DO CONTROLE","LOCALIZADO")))
AD29: =IF(D29="","",RIGHT(TRIM(D29),12)) | AE29: =IF(AD29="","",IF(COUNTIF($AD$2:$AD$1000,AD29)>1,"DUPLICADO NO TG",IF(COUNTIF('Bolsas e auxílios'!$J$5:$J$1000,AD29)=0,"FORA DO CONTROLE","LOCALIZADO")))
AD30: =IF(D30="","",RIGHT(TRIM(D30),12)) | AE30: =IF(AD30="","",IF(COUNTIF($AD$2:$AD$1000,AD30)>1,"DUPLICADO NO TG",IF(COUNTIF('Bolsas e auxílios'!$J$5:$J$1000,AD30)=0,"FORA DO CONTROLE","LOCALIZADO")))
AD31: =IF(D31="","",RIGHT(TRIM(D31),12)) | AE31: =IF(AD31="","",IF(COUNTIF($AD$2:$AD$1000,AD31)>1,"DUPLICADO NO TG",IF(COUNTIF('Bolsas e auxílios'!$J$5:$J$1000,AD31)=0,"FORA DO CONTROLE","LOCALIZADO")))
AD32: =IF(D32="","",RIGHT(TRIM(D32),12)) | AE32: =IF(AD32="","",IF(COUNTIF($AD$2:$AD$1000,AD32)>1,"DUPLICADO NO TG",IF(COUNTIF('Bolsas e auxílios'!$J$5:$J$1000,AD32)=0,"FORA DO CONTROLE","LOCALIZADO")))
... AD1000: =IF(D1000="","",RIGHT(TRIM(D1000),12)) | AE1000: =IF(AD1000="","",IF(COUNTIF($AD$2:$AD$1000,AD1000)>1,"DUPLICADO NO TG",IF(COUNTIF('Bolsas e auxílios'!$J$5:$J$1000,AD1000)=0,"FORA DO CONTROLE","LOCALIZADO")))

Sheet Como atualizar
A1: ATUALIZAÇÃO AUTOMÁTICA DOS SALDOS DE EMPENHOS
A3: A planilha usa o número do empenho (padrão 2026NE000000) para trazer EMP TOTAL e EMP A LIQ ATUAL da aba Base TG.
A5: COMO ATUALIZAR COM UMA NOVA EXTRAÇÃO
A6: 1 | B6: Abra a nova planilha extraída do Tesouro Gerencial.
A7: 2 | B7: Na nova extração, copie as colunas A:AC, incluindo a linha de cabeçalhos.
A8: 3 | B8: Na aba Base TG deste arquivo, apague o conteúdo antigo apenas de A:AC e cole a nova extração em A1.
A9: 4 | B9: Volte à aba Bolsas e auxílios. As colunas U e V serão recalculadas automaticamente.
A10: 5 | B10: Confira a coluna Z: verde = atualizado; amarelo = duplicado somado; vermelho = não localizado.
A12: CONFERÊNCIA ATUAL
A13: Indicador | B13: Resultado
A14: Empenhos atualizados | B14: =COUNTIF('Bolsas e auxílios'!$Z$5:$Z$22,"ATUALIZADO") -> 17
A15: Não localizados | B15: =COUNTIF('Bolsas e auxílios'!$Z$5:$Z$22,"NÃO LOCALIZADO") -> 0
A16: Duplicados na base | B16: =COUNTIF('Bolsas e auxílios'!$Z$5:$Z$22,"DUPLICADO*") -> 0
A17: Linhas sem empenho | B17: =COUNTIF('Bolsas e auxílios'!$Z$5:$Z$22,"SEM EMPENHO") -> 1
A18: Empenhos fora do controle | B18: =COUNTIF('Base TG'!$AA$2:$AA$1000,"FORA DO CONTROLE") -> 0
A19: Total do saldo atualizado | B19: ='Bolsas e auxílios'!V25 -> 139459.48
